 ,Label,Area,Mean,Min,Max,Angle,Length
1,ani_lig_R00050.dcm,0.030,3915.804,2906.417,4971.315,82.093,0.586
2,ani_lig_R00050.dcm,0.042,3654.730,2776.889,4442.928,-96.582,0.844
3,ani_lig_R00050.dcm,0.051,3477.573,3004.667,3794.929,-93.691,1.001
4,ani_lig_R00050.dcm,0.054,3466.401,2695.747,4012.443,-91.762,1.048
5,ani_lig_R00050.dcm,0.063,3622.966,2702.506,4279.167,-90.000,1.241
6,ani_lig_R00050.dcm,0.061,3708.037,2651.668,4487.632,-84.596,1.198
7,ani_lig_R00050.dcm,0.063,3813.356,2877.030,5104.301,-82.600,1.252
8,ani_lig_R00050.dcm,0.058,3950.746,2823.333,5039.179,-77.300,1.173
9,ani_lig_R00050.dcm,0.061,3771.414,2570.333,4728.700,-75.964,1.196
10,ani_lig_R00050.dcm,0.065,4184.055,2935.167,5231.277,-72.229,1.320
11,ani_lig_R00050.dcm,0.065,4145.882,2788.065,5326.555,-65.026,1.298
12,ani_lig_R00050.dcm,0.072,4027.692,2813.048,5037.333,-57.926,1.427
13,ani_lig_R00050.dcm,0.068,4062.140,3059.250,4993.167,-67.433,1.344
14,ani_lig_R00050.dcm,0.077,3770.881,2724.833,5123.556,-65.556,1.558
15,ani_lig_R00050.dcm,0.070,3921.243,2486.725,5227.573,-59.601,1.402
16,ani_lig_R00050.dcm,0.075,3979.887,2695.064,5172.155,-54.752,1.480
17,ani_lig_R00050.dcm,0.077,3689.949,2567.660,4802.458,-51.340,1.548
18,ani_lig_R00050.dcm,0.077,3688.957,2527.625,4847.676,-50.500,1.546
19,ani_lig_R00050.dcm,0.082,3871.721,2628.697,5246.806,-44.605,1.653
20,ani_lig_R00050.dcm,0.080,3869.932,2674.307,4901.697,-46.219,1.607
21,ani_lig_R00050.dcm,0.080,4075.206,2676.287,5319.139,-45.000,1.573
22,ani_lig_R00050.dcm,0.080,3457.217,2155.750,4670.193,-43.386,1.619
23,ani_lig_R00050.dcm,0.075,3335.127,2132.778,4455.041,-40.668,1.509
24,ani_lig_R00050.dcm,0.087,3328.770,2040.139,4362.654,-30.411,1.720
25,ani_lig_R00050.dcm,0.077,3607.185,2290.740,4785.500,-27.646,1.529
26,ani_lig_R00050.dcm,0.082,3583.461,2371.571,4887.366,-23.344,1.668
27,ani_lig_R00050.dcm,0.091,3282.924,1853.828,4925.044,-20.674,1.826
28,ani_lig_R00050.dcm,0.089,3412.854,1971.975,4343.338,-14.664,1.783
29,ani_lig_R00050.dcm,0.087,3940.814,2923.417,5378.944,-11.834,1.729
30,ani_lig_R00050.dcm,0.096,3750.361,2740.583,5094.358,-8.997,1.958
31,ani_lig_R00050.dcm,0.094,3965.771,2785.722,4876.176,-9.782,1.897
32,ani_lig_R00050.dcm,0.094,3735.303,2737.799,4365.694,-2.911,1.905
33,ani_lig_R00050.dcm,0.091,3694.598,2719.884,4270.148,-0.507,1.822
34,ani_lig_R00050.dcm,0.096,3662.009,3232.333,4322.875,2.862,1.937
35,ani_lig_R00050.dcm,0.089,4093.867,2852.330,5480.602,1.032,1.790
36,ani_lig_R00050.dcm,0.094,3893.513,2594.955,5230.458,4.844,1.909
37,ani_lig_R00050.dcm,0.084,4278.502,2411.083,5340.714,5.440,1.700
38,ani_lig_R00050.dcm,0.101,4045.440,2479.356,5217.202,12.479,2.014
39,ani_lig_R00050.dcm,0.094,3924.173,2639.833,5092.805,15.811,1.893
40,ani_lig_R00050.dcm,0.094,3753.125,2520.383,4971.912,20.442,1.892
41,ani_lig_R00050.dcm,0.098,3891.279,2596.721,5290.124,29.511,1.963
42,ani_lig_R00050.dcm,0.094,4221.607,2749.908,5764.261,33.555,1.896
43,ani_lig_R00050.dcm,0.094,4016.926,2541.203,5384.707,40.549,1.909
44,ani_lig_R00050.dcm,0.098,4147.194,2856.833,5672.473,46.302,2.007
45,ani_lig_R00050.dcm,0.091,4275.404,2664.314,5694.177,47.148,1.825
46,ani_lig_R00050.dcm,0.096,4121.236,2968.379,5462.872,47.344,1.951
47,ani_lig_R00050.dcm,0.098,4459.315,2465.791,6168.518,51.267,1.984
48,ani_lig_R00050.dcm,0.098,4340.205,2471.437,5930.547,55.008,1.968
49,ani_lig_R00050.dcm,0.094,4296.935,2496.750,5292.456,61.468,1.890
50,ani_lig_R00050.dcm,0.098,4800.888,2971.520,6395.385,63.853,1.975
51,ani_lig_R00050.dcm,0.101,4470.950,3160.906,5911.520,70.989,2.029
52,ani_lig_R00050.dcm,0.101,3740.506,2871.086,4494.478,70.133,2.040
53,ani_lig_R00050.dcm,0.098,3933.509,2770.603,4814.458,75.851,1.978
54,ani_lig_R00050.dcm,0.096,4011.451,2798.431,5060.732,74.703,1.955
55,ani_lig_R00050.dcm,0.096,4116.542,2849.851,5389.278,73.989,1.929
56,ani_lig_R00050.dcm,0.101,3933.619,2975.946,5135.258,75.630,2.013
57,ani_lig_R00050.dcm,0.096,3528.341,2584.042,4677.188,79.439,1.935
58,ani_lig_R00050.dcm,0.094,3512.333,2861.246,4458.041,83.177,1.899
59,ani_lig_R00050.dcm,0.084,3759.660,2673.719,4547.191,97.667,1.692
60,ani_lig_R00050.dcm,0.096,5088.335,3585.750,5959.044,114.206,1.926
61,ani_lig_R00050.dcm,0.096,5003.544,3874.361,6122.665,110.833,1.949
62,ani_lig_R00050.dcm,0.103,4690.091,3769.768,5707.180,108.719,2.059
63,ani_lig_R00050.dcm,0.108,4592.223,3982.000,5558.325,107.103,2.192
64,ani_lig_R00050.dcm,0.098,4565.986,4009.259,5364.738,114.057,1.977
65,ani_lig_R00050.dcm,0.110,4730.606,3716.693,6030.402,119.381,2.201
66,ani_lig_R00050.dcm,0.098,4790.131,3511.308,6073.667,120.964,1.974
67,ani_lig_R00050.dcm,0.108,4612.593,3553.364,5704.049,127.465,2.173
68,ani_lig_R00050.dcm,0.103,4738.228,3819.354,5637.908,136.259,2.075
69,ani_lig_R00050.dcm,0.105,4947.923,4056.108,5534.958,139.917,2.128
70,ani_lig_R00050.dcm,0.091,4980.940,3801.317,6032.343,150.505,1.833
71,ani_lig_R00050.dcm,0.105,4797.723,3994.204,5621.052,151.493,2.128
72,ani_lig_R00050.dcm,0.101,5268.180,4661.583,5865.183,157.521,2.024
73,ani_lig_R00050.dcm,0.112,4162.742,3360.071,4835.211,158.728,2.266
74,ani_lig_R00050.dcm,0.094,3947.057,3398.999,4527.500,163.113,1.887
75,ani_lig_R00050.dcm,0.108,5050.927,4245.931,5967.540,170.676,2.189
76,ani_lig_R00050.dcm,0.101,5155.254,4167.923,6481.179,173.558,2.011
77,ani_lig_R00050.dcm,0.110,4881.005,3820.432,5610.098,175.825,2.214
78,ani_lig_R00050.dcm,0.103,4839.720,3918.162,5683.309,177.357,2.098
79,ani_lig_R00050.dcm,0.108,4980.318,4034.738,5675.864,178.315,2.193
80,ani_lig_R00050.dcm,0.101,4719.712,3468.353,5404.265,178.196,2.048
81,ani_lig_R00050.dcm,0.112,5133.711,3859.233,6252.823,180.000,2.289
82,ani_lig_R00050.dcm,0.105,4584.260,3824.503,5849.968,-176.558,2.148
83,ani_lig_R00050.dcm,0.103,5155.201,4211.530,5774.332,-168.341,2.074
84,ani_lig_R00050.dcm,0.105,5300.712,4716.099,6130.990,-160.608,2.136
85,ani_lig_R00050.dcm,0.105,4920.842,4190.141,5782.207,-152.464,2.127
86,ani_lig_R00050.dcm,0.091,5010.196,4372.250,5752.322,-144.926,1.851
87,ani_lig_R00050.dcm,0.098,4955.284,4169.559,5846.608,-138.638,1.976
88,ani_lig_R00050.dcm,0.110,5012.626,4119.013,5982.109,-135.881,2.223
89,ani_lig_R00050.dcm,0.108,4944.583,4383.583,5900.633,-131.669,2.158
90,ani_lig_R00050.dcm,0.105,4931.059,4025.119,5735.242,-131.023,2.137
91,ani_lig_R00050.dcm,0.091,4798.301,4030.202,5425.029,-120.184,1.827
92,ani_lig_R00050.dcm,0.110,4583.039,3841.281,5212.268,-110.410,2.219
93,ani_lig_R00050.dcm,0.094,5282.535,3911.250,6912.839,-107.210,1.907
94,ani_lig_R00050.dcm,0.101,5502.142,4422.225,6390.818,-100.426,2.049
95,ani_lig_R00050.dcm,0.096,5119.589,4102.000,5672.766,-93.783,1.955
96,ani_lig_R00050.dcm,0.089,4958.307,4249.306,5669.126,-90.000,1.805
97,ani_lig_R00050.dcm,0.096,5595.598,4448.500,6367.792,-88.107,1.951
98,ani_lig_R00050.dcm,0.110,5299.475,3903.750,6283.463,-79.919,2.210
99,ani_lig_R00050.dcm,0.098,5156.682,4367.456,5932.370,-72.007,1.983
100,ani_lig_R00050.dcm,0.115,5256.692,4104.281,5918.463,-66.485,2.303
101,ani_lig_R00050.dcm,0.098,5555.347,4273.667,6313.860,-66.318,2.007
102,ani_lig_R00050.dcm,0.105,4866.605,3501.018,5772.240,-59.184,2.140
103,ani_lig_R00050.dcm,0.098,4842.885,4004.608,5643.138,-56.821,2.003
104,ani_lig_R00050.dcm,0.112,4924.325,4273.702,5595.016,-56.757,2.293
105,ani_lig_R00050.dcm,0.110,6056.219,4990.440,7092.320,-55.279,2.236
106,ani_lig_R00050.dcm,0.105,5860.838,4798.396,6852.542,-46.548,2.109
107,ani_lig_R00050.dcm,0.110,5066.394,3975.368,5896.748,-45.000,2.211
108,ani_lig_R00050.dcm,0.112,4692.986,3820.788,5704.387,-38.660,2.271
109,ani_lig_R00050.dcm,0.101,4578.609,2944.400,5641.833,-26.362,2.033
110,ani_lig_R00050.dcm,0.105,4491.598,3803.919,5266.500,-27.150,2.119
111,ani_lig_R00050.dcm,0.108,4600.410,3326.265,5389.089,-13.829,2.158
112,ani_lig_R00050.dcm,0.110,4673.998,3988.809,5287.773,-11.634,2.238
113,ani_lig_R00050.dcm,0.098,5830.395,4595.889,6464.497,-5.618,1.976
114,ani_lig_R00050.dcm,0.105,5868.143,4731.270,6836.850,-4.300,2.150
115,ani_lig_R00050.dcm,0.103,6015.554,4925.028,6687.376,0.000,2.095
116,ani_lig_R00050.dcm,0.108,7093.715,5094.117,8700.108,12.482,2.163
117,ani_lig_R00050.dcm,0.094,4661.745,3031.456,5609.776,18.591,1.871
118,ani_lig_R00050.dcm,0.103,4518.574,3457.222,5181.293,29.358,2.071
119,ani_lig_R00050.dcm,0.089,4828.925,3544.167,5473.492,35.417,1.780
120,ani_lig_R00050.dcm,0.089,4565.972,3217.888,5482.179,45.000,1.778
121,ani_lig_R00050.dcm,0.096,4654.060,3723.583,5484.095,42.955,1.916
122,ani_lig_R00050.dcm,0.096,5398.933,4332.326,6787.597,48.048,1.929
123,ani_lig_R00050.dcm,0.101,6418.093,5002.500,7306.432,50.486,2.027
124,ani_lig_R00050.dcm,0.103,5316.801,4143.869,6476.991,60.474,2.093
125,ani_lig_R00050.dcm,0.103,5054.964,4270.148,5901.871,69.027,2.072
126,ani_lig_R00050.dcm,0.101,5158.846,4169.944,6101.950,80.910,2.041
127,ani_lig_R00050.dcm,0.098,4927.459,3930.500,5646.701,83.967,1.994
128,ani_lig_R00050.dcm,0.091,5553.229,4086.500,6516.093,89.004,1.854
129,ani_lig_R00050.dcm,0.098,5909.728,4412.250,6673.999,92.816,1.969
130,ani_lig_R00050.dcm,0.084,5681.627,3314.036,7366.504,96.038,1.686
131,ani_lig_R00050.dcm,0.089,4061.548,3463.329,4689.905,103.416,1.806
132,ani_lig_R00050.dcm,0.087,4625.412,3213.699,5469.704,111.114,1.745
133,ani_lig_R00050.dcm,0.091,4135.428,2710.083,5465.777,112.543,1.850
134,ani_lig_R00050.dcm,0.084,3616.995,2926.667,4382.028,119.268,1.681
135,ani_lig_R00050.dcm,0.087,4533.049,2877.333,6210.926,122.800,1.726
136,ani_lig_R00050.dcm,0.089,4259.832,2879.790,5280.284,133.891,1.767
137,ani_lig_R00050.dcm,0.089,3999.152,2949.619,4621.597,137.175,1.802
138,ani_lig_R00050.dcm,0.080,4990.776,3118.000,6760.226,144.530,1.583
139,ani_lig_R00050.dcm,0.094,4254.304,3199.583,5495.333,152.333,1.875
140,ani_lig_R00050.dcm,0.096,5576.745,3340.750,7492.146,158.997,1.934
141,ani_lig_R00050.dcm,0.082,5224.010,3600.083,7513.492,169.695,1.622
142,ani_lig_R00050.dcm,0.091,5159.577,3422.127,7881.814,173.991,1.848
143,ani_lig_R00050.dcm,0.075,4912.470,3515.063,7123.162,178.152,1.500
144,ani_lig_R00050.dcm,0.087,4664.578,3559.093,6705.914,177.879,1.742
145,ani_lig_R00050.dcm,0.084,4821.564,3159.250,6552.187,-177.274,1.694
146,ani_lig_R00050.dcm,0.072,4820.306,3862.667,6339.490,-165.651,1.431
147,ani_lig_R00050.dcm,0.087,5120.388,3555.176,6909.193,-159.696,1.719
148,ani_lig_R00050.dcm,0.063,4317.817,3491.456,5381.130,-157.782,1.236
149,ani_lig_R00050.dcm,0.065,4443.371,3712.722,5143.490,-151.844,1.298
150,ani_lig_R00050.dcm,0.061,4896.768,3737.217,6421.792,-155.807,1.219
151,ani_lig_R00050.dcm,0.056,5317.599,4451.657,6522.917,-155.695,1.097
152,ani_lig_R00050.dcm,0.054,5652.562,4962.833,6968.167,-160.168,1.045
153,ani_lig_R00050.dcm,0.056,5937.605,4587.179,6955.880,-160.233,1.096
154,ani_lig_R00050.dcm,0.049,6088.058,5153.333,6967.333,-151.314,0.974
155,ani_lig_R00050.dcm,0.047,5815.229,5047.691,6686.167,-148.523,0.926
156,ani_lig_R00050.dcm,0.047,5608.419,4893.954,6652.583,-145.176,0.903
157,ani_lig_R00050.dcm,0.049,5951.901,4811.882,7087.000,-134.310,0.946
158,ani_lig_R00050.dcm,0.042,6169.863,5162.268,7203.250,-130.365,0.846
159,ani_lig_R00050.dcm,0.037,6407.173,5960.180,6965.472,-130.462,0.720
160,ani_lig_R00050.dcm,0.035,6247.182,5704.893,7232.500,-130.314,0.698
161,ani_lig_R00050.dcm,0.037,6798.125,6155.093,7595.000,-114.228,0.707
162,ani_lig_R00050.dcm,0.033,7413.719,6885.659,7894.417,-113.385,0.650
163,ani_lig_R00050.dcm,0.030,5896.095,5360.218,6378.500,-115.115,0.570
164,ani_lig_R00921.dcm,0.039,5150.720,3473.278,6810.107,180.000,0.781
165,ani_lig_R00921.dcm,0.043,4195.659,3036.528,5316.617,180.000,0.845
166,ani_lig_R00921.dcm,0.055,4006.496,3368.592,4615.541,-179.157,1.084
167,ani_lig_R00921.dcm,0.048,4011.082,3232.387,4583.056,-1.941,0.941
168,ani_lig_R00921.dcm,0.059,3899.017,2663.173,4747.534,-179.246,1.212
169,ani_lig_R00921.dcm,0.064,4117.989,2722.668,5015.407,180.000,1.275
170,ani_lig_R00921.dcm,0.057,3912.424,2870.833,4876.269,-171.193,1.145
171,ani_lig_R00921.dcm,0.059,3882.783,2523.394,5029.289,-169.287,1.201
172,ani_lig_R00921.dcm,0.057,3858.397,2639.500,4881.375,-159.814,1.155
173,ani_lig_R00921.dcm,0.066,3712.307,3155.202,4621.663,-158.714,1.318
174,ani_lig_R00921.dcm,0.064,4046.036,2897.917,5583.837,-156.894,1.300
175,ani_lig_R00921.dcm,0.057,4417.207,2938.625,5652.031,-158.791,1.146
176,ani_lig_R00921.dcm,0.071,3781.315,2367.750,4936.943,-159.146,1.433
177,ani_lig_R00921.dcm,0.066,3650.095,2140.139,4777.528,-155.833,1.363
178,ani_lig_R00921.dcm,0.080,3702.781,1886.907,5153.444,-155.925,1.641
179,ani_lig_R00921.dcm,0.066,4119.899,2238.129,5457.912,-148.213,1.332
180,ani_lig_R00921.dcm,0.071,3833.453,2379.333,5303.450,-145.954,1.424
181,ani_lig_R00921.dcm,0.080,3300.364,2313.187,4273.533,-144.137,1.633
182,ani_lig_R00921.dcm,0.064,3528.454,2594.752,4677.718,-135.498,1.297
183,ani_lig_R00921.dcm,0.069,3216.133,2527.525,3943.481,-131.309,1.401
184,ani_lig_R00921.dcm,0.069,3321.936,2619.268,4017.988,-128.558,1.407
185,ani_lig_R00921.dcm,0.073,3423.301,2415.583,5032.965,-126.254,1.483
186,ani_lig_R00921.dcm,0.075,3709.279,1966.333,5539.125,-125.676,1.531
187,ani_lig_R00921.dcm,0.075,3837.544,1918.083,5139.167,-125.331,1.544
188,ani_lig_R00921.dcm,0.073,3807.360,1869.917,4875.823,-120.434,1.479
189,ani_lig_R00921.dcm,0.066,3440.557,1973.611,4722.543,-118.072,1.355
190,ani_lig_R00921.dcm,0.073,3492.786,2351.027,4639.554,-109.204,1.503
191,ani_lig_R00921.dcm,0.071,3664.094,2587.778,4859.114,-106.639,1.448
192,ani_lig_R00921.dcm,0.066,3431.678,2584.000,4094.667,-99.689,1.326
193,ani_lig_R00921.dcm,0.078,3209.751,2438.638,3943.633,-94.086,1.566
194,ani_lig_R00921.dcm,0.080,3337.193,2628.118,3971.588,-93.926,1.630
195,ani_lig_R00921.dcm,0.071,3683.308,2710.862,5250.950,-91.931,1.420
196,ani_lig_R00921.dcm,0.075,3904.251,2352.554,5045.523,-91.809,1.515
197,ani_lig_R00921.dcm,0.062,4384.379,2733.778,5170.831,-90.725,1.260
198,ani_lig_R00921.dcm,0.066,3935.108,2200.500,4719.917,-87.274,1.341
199,ani_lig_R00921.dcm,0.066,3709.840,2041.028,4459.952,-83.211,1.349
200,ani_lig_R00921.dcm,0.078,3598.361,1817.862,4832.833,-76.390,1.558
201,ani_lig_R00921.dcm,0.078,3941.329,2310.167,4892.816,-68.091,1.581
202,ani_lig_R00921.dcm,0.071,4094.586,2577.917,5284.556,-66.297,1.428
203,ani_lig_R00921.dcm,0.071,4061.829,2496.426,5498.178,-61.440,1.434
204,ani_lig_R00921.dcm,0.080,3732.935,2129.456,4844.259,-55.376,1.627
205,ani_lig_R00921.dcm,0.080,4014.399,2759.444,5094.278,-52.465,1.649
206,ani_lig_R00921.dcm,0.080,3561.915,2172.056,5082.074,-48.552,1.638
207,ani_lig_R00921.dcm,0.075,3281.386,2283.667,4180.111,-39.036,1.519
208,ani_lig_R00921.dcm,0.073,3099.277,2250.528,3703.165,-31.809,1.482
209,ani_lig_R00921.dcm,0.089,3313.971,2344.635,4164.160,-31.900,1.840
210,ani_lig_R00921.dcm,0.082,3770.695,2149.803,5078.254,-32.179,1.676
211,ani_lig_R00921.dcm,0.087,3593.097,1894.333,5009.561,-28.195,1.755
212,ani_lig_R00921.dcm,0.089,3504.033,2017.250,4627.364,-22.932,1.800
213,ani_lig_R00921.dcm,0.078,3663.115,1817.659,4645.177,-21.909,1.581
214,ani_lig_R00921.dcm,0.071,4090.274,1755.583,5236.589,-18.232,1.427
215,ani_lig_R00921.dcm,0.080,3839.106,2108.500,4883.539,-7.815,1.641
216,ani_lig_R00921.dcm,0.082,3671.781,2271.052,5036.012,0.541,1.690
217,ani_lig_R00921.dcm,0.082,3655.271,2351.000,4787.536,3.270,1.677
218,ani_lig_R00921.dcm,0.085,3692.413,2609.833,4966.000,6.340,1.732
219,ani_lig_R00921.dcm,0.092,3313.240,2143.669,4933.545,7.431,1.849
220,ani_lig_R00921.dcm,0.096,3176.902,2472.978,4021.850,15.945,1.973
221,ani_lig_R00921.dcm,0.085,2878.999,2073.000,3528.628,23.962,1.727
222,ani_lig_R00921.dcm,0.089,3022.499,2063.425,3966.977,23.398,1.807
223,ani_lig_R00921.dcm,0.087,3623.228,1993.572,5152.492,26.565,1.747
224,ani_lig_R00921.dcm,0.078,3793.125,1898.864,5043.604,31.759,1.575
225,ani_lig_R00921.dcm,0.078,3688.388,1887.333,4844.515,34.804,1.592
226,ani_lig_R00921.dcm,0.082,3717.898,1883.075,4952.154,37.635,1.671
227,ani_lig_R00921.dcm,0.082,3530.981,2044.000,4434.900,36.870,1.674
228,ani_lig_R00921.dcm,0.089,3679.772,2305.250,4797.774,45.707,1.826
229,ani_lig_R00921.dcm,0.094,3678.657,2253.250,4664.562,49.086,1.899
230,ani_lig_R00921.dcm,0.085,3697.548,2457.389,4538.313,50.332,1.698
231,ani_lig_R00921.dcm,0.098,3547.079,2191.856,4534.238,55.421,1.994
232,ani_lig_R00921.dcm,0.096,3690.058,2362.294,4940.426,54.353,1.942
233,ani_lig_R00921.dcm,0.080,3769.191,2570.938,4801.751,57.572,1.606
234,ani_lig_R00921.dcm,0.087,3938.096,2292.538,5022.208,62.266,1.747
235,ani_lig_R00921.dcm,0.080,3576.643,2209.273,4555.493,63.935,1.633
236,ani_lig_R00921.dcm,0.089,3594.255,2349.878,4544.775,67.730,1.809
237,ani_lig_R00921.dcm,0.092,3666.378,2472.510,4623.136,71.878,1.845
238,ani_lig_R00921.dcm,0.087,3719.738,2566.762,4619.615,70.758,1.790
239,ani_lig_R00921.dcm,0.096,3463.050,2446.409,4127.208,77.675,1.942
240,ani_lig_R00921.dcm,0.087,3620.102,2538.080,4508.666,77.358,1.748
241,ani_lig_R00921.dcm,0.094,3420.369,2158.230,4435.644,75.964,1.906
242,ani_lig_R00921.dcm,0.087,3659.821,2722.847,4520.502,83.830,1.780
243,ani_lig_R00921.dcm,0.089,3811.815,2670.401,4649.149,87.489,1.819
244,ani_lig_R00921.dcm,0.089,3610.935,2858.607,4113.997,88.506,1.834
245,ani_lig_R00921.dcm,0.080,3679.202,2812.917,4573.559,95.599,1.634
246,ani_lig_R00921.dcm,0.087,3769.627,2406.667,4853.520,98.785,1.775
247,ani_lig_R00921.dcm,0.085,3786.849,2523.556,4462.708,101.104,1.738
248,ani_lig_R00921.dcm,0.092,3841.468,2592.917,4558.996,103.799,1.872
249,ani_lig_R00921.dcm,0.087,3968.866,2662.766,4758.338,110.376,1.786
250,ani_lig_R00921.dcm,0.094,4212.391,2577.354,5232.296,112.694,1.901
251,ani_lig_R00921.dcm,0.092,4414.884,2521.374,5347.221,117.872,1.876
252,ani_lig_R00921.dcm,0.096,4744.701,3451.250,6056.789,117.824,1.947
253,ani_lig_R00921.dcm,0.089,4236.193,2744.500,5303.075,120.184,1.807
254,ani_lig_R00921.dcm,0.096,3981.880,2711.379,4835.435,124.725,1.959
255,ani_lig_R00921.dcm,0.098,5014.221,2990.310,6862.539,128.589,2.019
256,ani_lig_R00921.dcm,0.103,4436.027,2829.942,5736.876,129.806,2.117
257,ani_lig_R00921.dcm,0.101,5072.625,3004.833,6430.958,137.191,2.065
258,ani_lig_R00921.dcm,0.094,5543.338,3424.130,7003.180,134.326,1.917
259,ani_lig_R00921.dcm,0.103,5371.153,3386.194,7049.282,135.929,2.086
260,ani_lig_R00921.dcm,0.098,5208.329,3804.345,6487.898,138.900,1.989
261,ani_lig_R00921.dcm,0.089,5212.585,3897.417,5915.103,143.130,1.833
262,ani_lig_R00921.dcm,0.096,4837.125,3132.197,5696.435,147.745,1.942
263,ani_lig_R00921.dcm,0.096,4150.578,3101.142,5153.346,152.592,1.940
264,ani_lig_R00921.dcm,0.094,4295.764,3089.765,5750.621,160.058,1.917
265,ani_lig_R00921.dcm,0.089,4169.019,3372.250,4770.859,165.358,1.829
266,ani_lig_R00921.dcm,0.089,4125.645,2679.889,5197.773,167.417,1.830
267,ani_lig_R00921.dcm,0.101,3984.962,2935.423,4732.964,166.709,2.081
268,ani_lig_R00921.dcm,0.098,4037.871,2884.678,4771.218,168.419,1.985
269,ani_lig_R00921.dcm,0.098,3952.929,2655.104,4875.223,169.859,1.992
270,ani_lig_R00921.dcm,0.103,3879.908,2899.250,4904.750,174.806,2.113
271,ani_lig_R00921.dcm,0.089,4057.368,2914.721,4894.318,176.455,1.805
272,ani_lig_R00921.dcm,0.080,3964.033,2319.389,5110.693,175.559,1.647
273,ani_lig_R00921.dcm,0.094,3869.199,2399.040,5018.424,179.519,1.897
274,ani_lig_R00921.dcm,0.094,3656.810,2424.400,4605.925,-179.523,1.913
275,ani_lig_R00921.dcm,0.085,3514.047,2267.333,4113.971,-172.476,1.705
276,ani_lig_R00921.dcm,0.089,3541.073,2627.346,4595.565,-168.395,1.823
277,ani_lig_R00921.dcm,0.089,3598.461,2476.742,4325.859,-167.800,1.811
278,ani_lig_R00921.dcm,0.085,3885.824,2917.500,5087.901,-165.710,1.744
279,ani_lig_R00921.dcm,0.094,3833.844,2410.278,5173.622,-163.664,1.927
280,ani_lig_R00921.dcm,0.073,3772.458,2557.128,4892.904,-158.085,1.495
281,ani_lig_R00921.dcm,0.082,3757.001,2387.421,5200.966,-157.590,1.673
282,ani_lig_R00921.dcm,0.082,4005.384,2524.817,5232.291,-153.682,1.654
283,ani_lig_R00921.dcm,0.089,3727.881,2671.444,4616.825,-149.816,1.807
284,ani_lig_R00921.dcm,0.089,3834.852,2322.583,5524.428,-145.465,1.800
285,ani_lig_R00921.dcm,0.087,4518.949,2919.667,6651.774,-145.008,1.752
286,ani_lig_R00921.dcm,0.096,3874.438,2354.634,5656.760,-140.254,1.970
287,ani_lig_R00921.dcm,0.094,4272.251,2728.863,5704.087,-140.013,1.935
288,ani_lig_R00921.dcm,0.092,3733.466,2748.625,5018.793,-136.397,1.849
289,ani_lig_R00921.dcm,0.087,4183.014,2763.250,4999.139,-138.323,1.750
290,ani_lig_R00921.dcm,0.089,4587.797,2953.801,5824.544,-138.200,1.818
291,ani_lig_R00921.dcm,0.085,4921.217,3465.417,5907.833,-128.991,1.723
292,ani_lig_R00921.dcm,0.082,4613.107,3163.833,5531.735,-128.830,1.678
293,ani_lig_R00921.dcm,0.094,4605.706,2915.494,5835.898,-127.539,1.910
294,ani_lig_R00921.dcm,0.085,4627.082,2985.194,6222.648,-123.247,1.716
295,ani_lig_R00921.dcm,0.080,4474.106,3003.852,6087.583,-118.339,1.612
296,ani_lig_R00921.dcm,0.082,3801.374,2958.863,4994.083,-110.684,1.670
297,ani_lig_R00921.dcm,0.085,4215.412,3500.375,5884.389,-101.725,1.726
298,ani_lig_R00921.dcm,0.080,4352.659,3540.568,5481.464,-101.746,1.645
299,ani_lig_R00921.dcm,0.071,4745.541,4091.254,5547.000,-100.305,1.426
300,ani_lig_R00921.dcm,0.078,5003.466,4213.072,5839.021,-97.481,1.592
301,ani_lig_R00921.dcm,0.080,4627.085,3866.319,5572.111,-92.246,1.627
302,ani_lig_R00921.dcm,0.082,4592.540,3988.420,5894.278,-89.459,1.690
303,ani_lig_R00921.dcm,0.082,4711.470,3949.360,5866.821,-91.102,1.658
304,ani_lig_R00921.dcm,0.092,4307.855,2914.410,5991.532,-89.510,1.865
305,ani_lig_R00921.dcm,0.082,5048.581,4070.585,6406.360,-82.333,1.673
306,ani_lig_R00921.dcm,0.080,5417.807,4803.484,6547.333,-83.157,1.606
307,ani_lig_R00921.dcm,0.082,5067.519,4122.708,6409.000,-75.833,1.694
308,ani_lig_R00921.dcm,0.071,3553.906,2704.444,4404.250,-73.791,1.428
309,ani_lig_R00921.dcm,0.078,3640.021,2575.716,4726.768,-73.740,1.594
310,ani_lig_R00921.dcm,0.071,4111.596,3298.000,5528.111,-72.378,1.422
311,ani_lig_R00921.dcm,0.059,4785.561,3427.333,6265.542,-67.496,1.208
312,ani_lig_R00921.dcm,0.071,4192.284,2810.348,5721.570,-62.571,1.419
313,ani_lig_R00921.dcm,0.071,4620.822,3752.938,5659.036,-49.054,1.435
314,ani_lig_R00921.dcm,0.071,4298.666,2847.531,5830.487,-49.538,1.425
315,ani_lig_R00921.dcm,0.062,4238.020,2937.790,5628.374,-45.000,1.263
316,ani_lig_R00921.dcm,0.066,4305.316,2774.333,5954.194,-41.634,1.344
317,ani_lig_R00921.dcm,0.050,4287.527,3202.925,5749.593,-43.112,1.026
318,ani_lig_R00921.dcm,0.048,4371.583,3296.333,6099.904,-46.332,0.970
319,ani_lig_R00921.dcm,0.048,4896.449,4104.267,6228.561,-41.009,0.972
320,ani_lig_R00921.dcm,0.041,5154.460,3683.517,6810.134,-35.272,0.801
321,ani_lig_R00921.dcm,0.048,5057.295,3771.572,6375.693,-37.626,0.966
322,ani_lig_R00921.dcm,0.046,5530.042,4703.693,6433.896,-28.856,0.892
323,ani_lig_R00921.dcm,0.046,5551.121,4880.586,6633.694,-17.784,0.887
324,ani_lig_R00921.dcm,0.043,5527.998,4896.832,6154.006,-10.886,0.844
325,ani_lig_R00921.dcm,0.043,5617.838,4588.399,6553.083,-5.389,0.849
326,ani_lig_R00921.dcm,0.037,5847.983,5006.410,6649.489,-1.302,0.702
327,ani_lig_R00921.dcm,0.034,6142.075,5623.480,6678.028,6.789,0.674
328,ani_lig_R00921.dcm,0.030,6848.522,6451.333,7366.778,10.008,0.550
329,ani_lig_R00921.dcm,0.025,7504.830,7069.200,8193.417,20.323,0.459
330,ani_lig_R00921.dcm,0.034,6663.432,6129.966,7368.597,21.038,0.666
331,ani_lig_R31019.dcm,0.027,4329.084,3981.194,4608.815,-34.160,0.537
332,ani_lig_R31019.dcm,0.034,5042.297,3865.000,5901.969,-27.824,0.646
333,ani_lig_R31019.dcm,0.039,4055.087,2919.333,4706.854,-29.168,0.782
334,ani_lig_R31019.dcm,0.048,3502.931,2256.417,4422.056,-34.992,0.969
335,ani_lig_R31019.dcm,0.050,3578.522,2292.656,4612.117,-35.433,1.013
336,ani_lig_R31019.dcm,0.061,3695.910,2387.362,4606.231,-35.972,1.216
337,ani_lig_R31019.dcm,0.063,4170.959,2893.667,4951.074,-41.517,1.293
338,ani_lig_R31019.dcm,0.066,4152.703,2906.083,5227.786,-44.029,1.325
339,ani_lig_R31019.dcm,0.059,4674.425,3089.111,5967.883,-43.919,1.190
340,ani_lig_R31019.dcm,0.061,4384.055,3038.611,5297.980,-49.236,1.215
341,ani_lig_R31019.dcm,0.059,2458.046,1816.747,3242.725,-46.081,1.190
342,ani_lig_R31019.dcm,0.050,4497.570,3310.935,5449.265,-44.356,0.999
343,ani_lig_R31019.dcm,0.068,4136.690,3021.763,5285.539,-43.580,1.359
344,ani_lig_R31019.dcm,0.077,3440.379,2264.000,4512.384,-41.348,1.586
345,ani_lig_R31019.dcm,0.063,3676.103,2605.444,4867.968,-39.536,1.297
346,ani_lig_R31019.dcm,0.077,3325.051,2806.507,4089.912,-42.940,1.561
347,ani_lig_R31019.dcm,0.057,3182.252,2906.781,3469.444,-53.616,1.124
348,ani_lig_R31019.dcm,0.061,3372.456,2965.146,3650.807,-62.784,1.249
349,ani_lig_R31019.dcm,0.061,3738.449,3005.673,4640.363,-70.641,1.245
350,ani_lig_R31019.dcm,0.063,3938.067,2921.657,5344.571,-90.707,1.286
351,ani_lig_R31019.dcm,0.070,4466.942,3021.917,5542.995,-90.644,1.413
352,ani_lig_R31019.dcm,0.077,4320.513,2494.885,5204.353,-88.282,1.588
353,ani_lig_R31019.dcm,0.075,4184.155,2333.667,5431.990,-82.288,1.538
354,ani_lig_R31019.dcm,0.070,3673.737,2666.203,4903.874,-73.361,1.441
355,ani_lig_R31019.dcm,0.066,3388.337,1993.744,4693.589,-81.203,1.349
356,ani_lig_R31019.dcm,0.059,3712.922,1762.172,5232.992,-88.493,1.207
357,ani_lig_R31019.dcm,0.059,3546.477,2189.250,5081.628,-95.404,1.180
358,ani_lig_R31019.dcm,0.075,3549.921,2074.920,4651.437,-103.891,1.521
359,ani_lig_R31019.dcm,0.082,4261.680,2536.698,5543.015,-108.263,1.671
360,ani_lig_R31019.dcm,0.082,4269.175,2891.787,6178.930,-107.387,1.647
361,ani_lig_R31019.dcm,0.086,3509.695,2526.874,4370.377,-114.702,1.747
362,ani_lig_R31019.dcm,0.086,3719.325,2464.557,4866.126,-118.652,1.755
363,ani_lig_R31019.dcm,0.082,4055.562,3080.376,5285.920,-123.232,1.651
364,ani_lig_R31019.dcm,0.075,3972.048,3019.285,5441.693,-126.027,1.511
365,ani_lig_R31019.dcm,0.073,4090.051,2881.146,5306.806,-128.468,1.480
366,ani_lig_R31019.dcm,0.086,4291.763,2865.056,5464.603,-131.332,1.755
367,ani_lig_R31019.dcm,0.079,4091.693,3098.559,5451.676,-137.802,1.607
368,ani_lig_R31019.dcm,0.077,4178.424,2898.222,5650.681,-138.705,1.563
369,ani_lig_R31019.dcm,0.088,4134.913,2294.662,5736.509,-139.616,1.813
370,ani_lig_R31019.dcm,0.093,4093.868,2482.875,5857.265,-147.639,1.898
371,ani_lig_R31019.dcm,0.091,3933.696,2215.293,5201.322,-151.232,1.847
372,ani_lig_R31019.dcm,0.093,4141.168,2464.389,5445.032,-156.233,1.890
373,ani_lig_R31019.dcm,0.093,3936.416,2553.060,5138.030,-159.274,1.884
374,ani_lig_R31019.dcm,0.093,4183.108,2682.784,5556.600,-165.964,1.898
375,ani_lig_R31019.dcm,0.098,4491.691,3326.073,5726.615,-172.194,1.987
376,ani_lig_R31019.dcm,0.098,4717.972,2992.509,6033.604,-172.255,2.002
377,ani_lig_R31019.dcm,0.098,4349.123,2559.583,6093.774,178.167,1.985
378,ani_lig_R31019.dcm,0.098,4383.109,2857.583,6047.422,174.516,1.993
379,ani_lig_R31019.dcm,0.100,4698.848,2959.885,5912.418,175.088,2.039
380,ani_lig_R31019.dcm,0.095,4182.641,2540.542,6355.434,167.873,1.964
381,ani_lig_R31019.dcm,0.098,3956.678,2489.126,4942.585,167.619,1.999
382,ani_lig_R31019.dcm,0.098,4259.173,2721.722,5820.370,167.716,2.014
383,ani_lig_R31019.dcm,0.093,4490.084,3203.980,5998.611,164.578,1.910
384,ani_lig_R31019.dcm,0.098,4665.721,2851.756,6104.225,160.286,2.023
385,ani_lig_R31019.dcm,0.100,4097.875,2960.620,5255.838,151.032,2.032
386,ani_lig_R31019.dcm,0.104,4748.075,3360.107,6397.157,156.468,2.147
387,ani_lig_R31019.dcm,0.100,4840.081,2991.062,6447.829,152.033,2.031
388,ani_lig_R31019.dcm,0.102,4814.294,3139.485,6307.667,149.931,2.091
389,ani_lig_R31019.dcm,0.100,5164.221,3202.138,7010.379,144.203,2.035
390,ani_lig_R31019.dcm,0.095,4958.684,2944.631,6625.488,141.267,1.953
391,ani_lig_R31019.dcm,0.093,4835.286,3502.466,6377.028,144.077,1.921
392,ani_lig_R31019.dcm,0.100,4409.668,3080.227,5816.333,129.007,2.043
393,ani_lig_R31019.dcm,0.093,4497.115,3304.557,6598.053,123.163,1.915
394,ani_lig_R31019.dcm,0.102,4736.274,3309.333,6378.171,121.636,2.088
395,ani_lig_R31019.dcm,0.098,4818.075,3067.536,6571.167,116.162,2.016
396,ani_lig_R31019.dcm,0.095,4466.085,3375.521,6674.333,114.291,1.968
397,ani_lig_R31019.dcm,0.102,4733.539,3470.802,6184.167,108.983,2.098
398,ani_lig_R31019.dcm,0.098,4701.841,3592.194,6110.452,101.041,1.989
399,ani_lig_R31019.dcm,0.104,4454.318,3572.537,6055.121,94.236,2.149
400,ani_lig_R31019.dcm,0.093,4983.671,3444.691,7175.987,88.580,1.921
401,ani_lig_R31019.dcm,0.095,5468.757,3343.963,6638.055,85.781,1.942
402,ani_lig_R31019.dcm,0.098,5612.023,3789.361,6605.961,81.741,1.989
403,ani_lig_R31019.dcm,0.104,4731.205,2779.703,6667.908,78.024,2.142
404,ani_lig_R31019.dcm,0.098,5337.303,3193.417,6872.749,73.431,2.004
405,ani_lig_R31019.dcm,0.095,4650.331,2580.028,6434.032,68.895,1.940
406,ani_lig_R31019.dcm,0.095,5530.574,3196.387,6984.784,64.898,1.946
407,ani_lig_R31019.dcm,0.098,5308.436,3264.417,6381.113,62.008,1.995
408,ani_lig_R31019.dcm,0.107,4736.580,2925.250,6747.778,55.042,2.189
409,ani_lig_R31019.dcm,0.091,5507.054,3504.443,6954.999,55.366,1.871
410,ani_lig_R31019.dcm,0.107,4685.705,2897.910,6630.063,44.128,2.211
411,ani_lig_R31019.dcm,0.104,5189.764,3775.287,6675.170,41.987,2.135
412,ani_lig_R31019.dcm,0.098,5287.016,3359.406,6608.056,36.690,2.019
413,ani_lig_R31019.dcm,0.102,4583.195,3177.791,6250.606,25.408,2.109
414,ani_lig_R31019.dcm,0.095,5143.720,3793.625,5736.546,17.549,1.948
415,ani_lig_R31019.dcm,0.102,7815.950,4493.269,10705.336,15.293,2.106
416,ani_lig_R31019.dcm,0.086,4767.416,4013.006,5460.846,7.253,1.760
417,ani_lig_R31019.dcm,0.100,4726.742,3559.756,6127.005,4.433,2.054
418,ani_lig_R31019.dcm,0.086,5008.903,3847.966,6094.195,-3.576,1.781
419,ani_lig_R31019.dcm,0.088,5000.518,3442.417,6302.947,-6.009,1.820
420,ani_lig_R31019.dcm,0.098,5311.385,3876.046,6507.640,-6.897,1.983
421,ani_lig_R31019.dcm,0.100,5662.142,3906.895,7208.981,-8.067,2.036
422,ani_lig_R31019.dcm,0.100,6243.618,3714.089,8813.149,-15.333,2.041
423,ani_lig_R31019.dcm,0.104,5298.919,3792.479,6390.000,-26.565,2.130
424,ani_lig_R31019.dcm,0.093,4699.800,3643.317,5720.350,-31.701,1.903
425,ani_lig_R31019.dcm,0.100,4904.132,3798.944,5987.729,-39.007,2.043
426,ani_lig_R31019.dcm,0.095,4680.483,3202.000,5981.020,-43.345,1.943
427,ani_lig_R31019.dcm,0.100,5138.350,3820.925,5886.519,-46.582,2.032
428,ani_lig_R31019.dcm,0.102,5929.401,4124.285,8915.310,-47.437,2.112
429,ani_lig_R31019.dcm,0.095,5562.033,4038.538,7236.604,-53.871,1.965
430,ani_lig_R31019.dcm,0.088,5326.308,3557.167,6534.874,-60.945,1.798
431,ani_lig_R31019.dcm,0.086,5383.543,4221.583,6212.393,-69.928,1.758
432,ani_lig_R31019.dcm,0.091,5783.182,3840.333,7413.327,-70.641,1.867
433,ani_lig_R31019.dcm,0.088,6092.115,4182.000,7644.994,-72.350,1.832
434,ani_lig_R31019.dcm,0.098,6139.254,3586.280,7887.240,-77.716,2.014
435,ani_lig_R31019.dcm,0.102,5179.447,3183.120,6527.554,-83.468,2.093
436,ani_lig_R31019.dcm,0.091,4707.630,3104.308,6067.981,-85.115,1.864
437,ani_lig_R31019.dcm,0.102,4562.930,2661.083,6301.500,-90.000,2.095
438,ani_lig_R31019.dcm,0.095,5548.153,3280.897,7688.294,-91.409,1.937
439,ani_lig_R31019.dcm,0.098,6273.164,3611.836,8926.714,-101.581,1.977
440,ani_lig_R31019.dcm,0.093,5594.981,3498.030,7526.595,-110.225,1.928
441,ani_lig_R31019.dcm,0.102,5287.193,3795.140,6591.533,-118.715,2.081
442,ani_lig_R31019.dcm,0.100,4820.703,3742.639,5894.390,-125.897,2.057
443,ani_lig_R31019.dcm,0.111,4847.698,3366.694,6606.343,-131.035,2.273
444,ani_lig_R31019.dcm,0.098,4704.343,3354.278,5824.825,-136.953,1.977
445,ani_lig_R31019.dcm,0.100,4826.711,3103.111,6219.626,-143.219,2.041
446,ani_lig_R31019.dcm,0.100,4885.007,3311.667,6178.569,-150.474,2.061
447,ani_lig_R31019.dcm,0.100,4776.177,3636.472,6425.425,-155.445,2.024
448,ani_lig_R31019.dcm,0.095,4778.572,3596.479,6506.833,-166.866,1.956
449,ani_lig_R31019.dcm,0.104,5458.731,3552.271,6913.843,-170.261,2.158
450,ani_lig_R31019.dcm,0.098,5540.099,3929.413,6736.793,-178.636,2.001
451,ani_lig_R31019.dcm,0.095,5325.115,4053.750,6901.198,179.076,1.968
452,ani_lig_R31019.dcm,0.100,5105.284,3936.458,6533.182,171.933,2.036
453,ani_lig_R31019.dcm,0.098,5158.117,3690.021,6543.065,165.854,2.013
454,ani_lig_R31019.dcm,0.084,4514.510,2964.056,5742.187,160.062,1.722
455,ani_lig_R31019.dcm,0.095,4574.378,3294.350,6239.972,155.943,1.947
456,ani_lig_R31019.dcm,0.100,4736.801,3987.475,5524.917,147.291,2.056
457,ani_lig_R31019.dcm,0.095,4468.282,3087.673,5516.126,143.871,1.965
458,ani_lig_R31019.dcm,0.093,4355.196,3646.947,5171.062,136.695,1.898
459,ani_lig_R31019.dcm,0.091,5653.995,4276.446,7663.372,133.264,1.853
460,ani_lig_R31019.dcm,0.095,4533.396,3132.247,5900.046,131.403,1.968
461,ani_lig_R31019.dcm,0.098,4591.314,2885.519,6795.890,134.363,2.020
462,ani_lig_R31019.dcm,0.091,4670.285,3002.367,6914.944,122.471,1.863
463,ani_lig_R31019.dcm,0.091,4247.850,2890.677,5853.970,115.463,1.846
464,ani_lig_R31019.dcm,0.086,6024.269,5217.921,7113.016,104.162,1.752
465,ani_lig_R31019.dcm,0.093,5692.306,4614.619,7302.217,97.658,1.906
466,ani_lig_R31019.dcm,0.086,5324.826,4369.662,6420.833,92.064,1.763
467,ani_lig_R31019.dcm,0.082,5725.381,4727.302,7338.057,90.000,1.683
468,ani_lig_R31019.dcm,0.082,4775.901,3775.089,6388.755,90.000,1.683
469,ani_lig_R31019.dcm,0.082,5961.559,4843.733,7274.513,73.980,1.668
470,ani_lig_R31019.dcm,0.079,4996.028,3954.787,5825.545,73.899,1.603
471,ani_lig_R31019.dcm,0.077,4034.754,3164.028,5047.357,64.213,1.569
472,ani_lig_R31019.dcm,0.057,4031.879,3285.037,5138.155,59.574,1.160
473,ani_lig_R31019.dcm,0.075,3952.248,2908.968,5277.376,46.685,1.527
474,ani_lig_R31019.dcm,0.077,4188.983,3106.746,5335.396,72.854,1.561
475,ani_lig_R31019.dcm,0.070,4374.136,3308.301,5905.111,67.724,1.424
476,ani_lig_R31019.dcm,0.066,3740.092,2963.027,4910.544,52.184,1.346
477,ani_lig_R31019.dcm,0.068,4255.946,3112.687,5894.443,56.864,1.365
478,ani_lig_R31019.dcm,0.057,4332.594,3279.412,5259.903,51.216,1.140
479,ani_lig_R31019.dcm,0.054,3918.617,3217.208,4764.900,43.807,1.078
480,ani_lig_R31019.dcm,0.048,4589.349,3690.464,5554.044,53.902,0.943
481,ani_lig_R31019.dcm,0.050,4941.995,4339.353,5661.806,47.603,0.989
482,ani_lig_R31019.dcm,0.039,4467.341,3427.417,5696.667,64.486,0.774
483,ani_lig_R31019.dcm,0.043,4554.818,4037.187,5158.190,46.469,0.876
484,ani_lig_R31019.dcm,0.043,4575.613,3629.583,5249.799,43.531,0.876
485,ani_lig_R31019.dcm,0.045,4921.209,4024.359,6179.898,35.882,0.921
486,ani_lig_R31019.dcm,0.052,5806.364,4880.276,7207.167,23.429,1.038
487,ani_lig_R31019.dcm,0.041,6244.928,5263.726,7789.188,19.134,0.823
488,ani_lig_R31019.dcm,0.043,6107.860,5287.333,7445.250,6.340,0.862
489,ani_lig_R31019.dcm,0.050,6038.500,4972.836,7319.222,3.691,0.986
490,ani_lig_R31019.dcm,0.045,5331.313,4441.810,6672.786,-1.975,0.921
491,ani_lig_R31019.dcm,0.025,5068.839,4495.731,6058.778,1.848,0.492
492,ani_lig_R31019.dcm,0.034,5146.890,4721.833,6745.000,-10.784,0.679
